,Gene,Annotation,Number of AA,10232024,GCF_000007445
0,MRVLKFGGTSVANAERFLRVADILESNARQGQVATVLSAPAKITNHLVAMIEKTISGQDALPNISDAERIFAELLTGLAAAQPGFPLAQLKTFVDQEFAQIKHVLHGISLLGQCPDSINAALICRGEKMSIAIMAGVLEARGHNVTVIDPVEKLLAVGHYLESTVDIAESTRRIAASRIPADHMVLMAGFTAGNEKGELVVLGRNGSDYSAAVLAACLRADCCEIWTDVDGVYTCDPRQVPDARLLKSMSYQEAMELSYFGAKVLHPRTITPIAQFQIPCLIKNTGNPQAPGTLIGASRDEDELPVKGISNLNNMAMFSVSGPGMKGMVGMAARVFAAMSRARISVVLITQSSSEYSISFCVPQSDCVRAERAMQEEFYLELKEGLLEPLAVTERLAIISVVGDGMRTLRGISAKFFAALARANINIVAIAQGSSERSISVVVNNDDATTGVRVTHQMLFNTDQVIEVFVIGVGGVGGALLEQLKRQQSWLKNKHIDLRVCGVANSKALLTNVHGLNLENWQEELAQAKEPFNLGRLIRLVKEYHLLNPVIVDCTSSQAVADQYADFLREGFHVVTPNKKANTSSMDYYHLLRHAAEKSRRKFLYDTNVGAGLPVIENLQNLLNAGDELMKFSGILSGSLSYIFGKLDEGMSFSEATTLAREMGYTEPDPRDDLSGMDVARKLLILARETGRELELADIEIEPVLPAEFNAEGDVAAFMANLSQLDDLFAARVAKARDEGKVLRYVGNIDEDGACRVKIAEVDGNDPLFKVKNGENALAFYSHYYQPLPLVLRGYGAGNDVTAAGVFADLLRTLSWKLGV,Bifunctional aspartokinase/homoserine dehydrogenase 1,820,PJALOIHP_00001,CPMPOPCK_00002
1,MVKVYAPASSANMSVGFDVLGAAVTPVDGALLGDVVTVEAAETFSLNNLGRFADKLPSEPRENIVYQCWERFCQELGKQIPVAMTLEKNMPIGSGLGSSACSVVAALMAMNEHCGKPLNDTRLLALMGELEGRISGSIHYDNVAPCFLGGMQLMIEENDIISQQVPGFDEWLWVLAYPGIKVSTAEARAILPAQYRRQDCIAHGRHLAGFIHACYSRQPELAAKLMKDVIAEPYRERLLPGFRQARQAVAEIGAVASGISGSGPTLFALCDKPDTAQRVADWLGKNYLQNQEGFVHICRLDTAGARVLEN,Homoserine kinase,310,PJALOIHP_00002,CPMPOPCK_00003
2,MKLYNLKDHNEQVSFAQAVTQGLGKNQGLFFPHDLPEFSLTEIDEMLKLDFVTRSAKILSAFIGDEIPQEILEERVRAAFAFPAPVANVESDVGCLELFHGPTLAFKDFGGRFMAQMLTHIAGDKPVTILTATSGDTGAAVAHAFYGLPNVKVVILYPRGKISPLQEKLFCTLGGNIETVAIDGDFDACQALVKQAFDDEELKVALGLNSANSINISRLLAQICYYFEAVAQLPQEARNQLVVSVPSGNFGDLTAGLLAKSLGLPVKRFIAATNVNDTVPRFLHDGQWSPKATQATLSNAMDVSQPNNWPRVEELFRRKIWQLKELGYAAVDDETTQQTMRELKELGYTSEPHAAVAYRALRDQLNPGEYGLFLGTAHPAKFKESVEAILGETLDLPKELAERADLPLLSHNLPADFAALRKLMMNHQ,Threonine synthase,428,PJALOIHP_00003,CPMPOPCK_00004
3,MKKMQSIVLALSLVLVAPMAAQAAEITLVPSVKLQIGDRDNRGYYWDGGHWRDHGWWKQHYEWRGNRWHPHGPPPPPRHHKKAPHDHHGGHGPGKHHR,hypothetical protein,98,PJALOIHP_00004,
4,MEHELHYIGIDTAKEKLDVDVLRPDGRHRTKKFANTTKGHDELVSWLKGHKIDHAHICIEATGTYMEPVAECLYDAGYIVSVINPALGKAFAQSEGLRNKTDTVDARMLAEFCRQKRPAAWEAPHPLERALRALVVRHQALTDMHTQELNRTETAREVQRPSIDAHLLWLEAELKRLEKQIKDLTDDDPDMKHRRKLLESIPGIGEKTSAVLLAYIGLKDRFAHARQFAAFAGLTPRRYESGSSVRGASRMSKAGHVSLRRALYMPAMVATSKTEWGRAFRDRLAANGKKGKVILGAMMRKLAQVAYGVLKSGVPFDASRHNPVAA,IS110 family transposase IS621,326,PJALOIHP_00005,
5,MLILISPAKTLDYQSPLTTTRYTLPELLDNSQQLIHEARKLTPPQISTLMRISDKLAGINAARFHDWQPDFTPENARQAILAFKGDVYTGLQAETFSEDDFDFAQQHLRMLSGLYGVLRPLDLMQPYRLEMGIRLENARGKDLYQFWGDIITNKLNEALAAQGDNVVINLASDEYFKSVKPKKLNAEIIKPVFLDEKNGKFKIISFYAKKARGLMSRFIIENRLTKPEQLTGFNSEGYFFDEASSSNGELVFKRYEQR,Peroxide stress resistance protein YaaA,258,PJALOIHP_00006,CPMPOPCK_00006
6,MPDFFSFINSVLWGSVMIYLLFGAGCWFTFRTGFVQFRYIRQFGKSLKNSIHPQPGGLTSFQSLCTSLAARVGSGNLAGVALAITAGGPGAVFWMWVAAFIGMATSFAECSLAQLYKERDVNGQFRGGPAWYMARGLGMRWMGVLFAVFLLIAYGIIFSGVQANAVARALSFSFDFPPLVTGIILAVFALLAITRGLHGVARLMQGFVPLMAIIWVLTSMVICVINIGQLPHVIWSIFESAFGWQEAAGGAAGYTLSQAITNGFQRSMFSNEAGMGSTPNAAAAAASWPPHPAAQGIVQMIGIFIDTLVICTASAMLILLAGNDTTYMPLEGIQLIQKAMRVLMGSWGAEFVTLVVILFAFSSIVANYIYAENNLFFLRLNNPKAIWCLRICTFATVIGGTLLSLPLMWQLADIIMACMAITNLTAILLLSPVVHTIASDYLRQRKLGVRPVFDPLRYPDIGRQLSPDAWDDVSQE,Amino-acid carrier protein AlsT,476,PJALOIHP_00007,CPMPOPCK_00007
7,MTDKLTSLRQYTTVVADTGDIAAMKLYQPQDATTNPSLILNAAQIPEYRKLIDDAVAWAKQQSNDRAQQIVDATDKLAVNIGLEILKLVPGRISTEVDARLSYDTEASIAKAKRLIKLYNDAGISNDRILIKLASTWQGIRAAEQLEKEGINCNLTLLFSFAQARACAEAGVFLISPFVGRILDWYKANTDKKEYAPAEDPGVVSVSEIYQYYKEHGYETVVMGASFRNIGEILELAGCDRLTIAPTLLKELAESEGAIERKLSYTGEVKARPARITESEFLWQHNQDPMAVDKLAEGIRKFAIDQEKLEKMIGDLL,Transaldolase,317,PJALOIHP_00008,CPMPOPCK_00008
8,MNTLRIGLVSISDRASSGVYQDKGIPALEEWLTSALTTPFELETRLIPDEQAIIEQTLCELVDEMSCHLVLTTGGTGPARRDVTPDATLAVADREMPGFGEQMRQISLHFVPTAILSRQVGVIRKQALILNLPGQPKSIKETLEGVKDAAGNVVVHGIFASVPYCIQLLEGPYVETAPEVVAAFRPKSARRDVSE,Molybdopterin adenylyltransferase,195,PJALOIHP_00009,CPMPOPCK_00009
9,MGNTKLANPAPLGLMGFGMTTILLNLHNVGYFALDGIILAMGIFYGGIAQIFAGLLEYKKGNTFGLTAFTSYGSFWLTLVAILLMPKLGLTDAPNAQFLGVYLGLWGVFTLFMFFGTLKGARVLQFVFFSLTVLFALLAIGNIAGNAAIIHFAGWIGLICGASAIYLAMGEVLNEQFGRTVLPIGESH,Succinate-acetate/proton symporter SatP,188,PJALOIHP_00010,CPMPOPCK_00010
10,MNVNYLNDSDLDFLQHCSEEQLANFARLLTHNEKGKTRLSSVLMRNELFKSMEGHPEQHRRNWQLIAGELQHFGGDSIANKLRGHGKLYRAILLDVSKRLKLKADKEMSTFEIEQQLLEQFLRNTWKNMDEEHKQEFLHAVDARVNELEELLPLLMKDKLLAKGVSHLLSSQLTRILRTHAAMSVLGHGLLRGAGLGGPVGAALNGVKAVSGSAYRVTIPAVLQIACLRRMVSATQV,hypothetical protein,237,PJALOIHP_00011,CPMPOPCK_00011
11,MKSVFTISASLAISLMLCCTAQANDHKILGVIAMPRNETNDLALKLPVCRIVKRIQLSADHGDLQLSGASVYFKAARSASQSLNIPSEIKEGQTTDWININSDNDNKRCVSKITFSGHTVNSSDMATLKIIGDD,hypothetical protein,134,PJALOIHP_00012,
12,MGKIIGIDLGTTNSCVAIMDGTTPRVLENAEGDRTTPSIIAYTQDGETLVGQPAKRQAVTNPQNTLFAIKRLIGRRFQDEEVQRDVSIMPFKIIAADNGDAWVEVKGQKMAPPQISAEVLKKMKKTAEDYLGEPVTEAVITVPAYFNDAQRQATKDAGRIAGLEVKRIINEPTAAALAYGLDKGTGNRTIAVYDLGGGTFDISIIEIDEVDGEKTFEVLATNGDTHLGGEDFDSRLINYLVEEFKKDQGIDLRNDPLAMQRLKEAAEKAKIELSSAQQTDVNLPYITADATGPKHMNIKVTRAKLESLVEDLVNRSIEPLKVALQDAGLSVSDIDDVILVGGQTRMPMVQKKVAEFFGKEPRKDVNPDEAVAIGAAVQGGVLTGDVKDVLLLDVTPLSLGIETMGGVMTTLIAKNTTIPTKHSQVFSTAEDNQSAVTIHVLQGERKRAADNKSLGQFNLDGINPAPRGMPQIEVTFDIDADGILHVSAKDKNSGKEQKITIKASSGLNEDEIQKMVRDAEANAEADRKFEELVQTRNQGDHLLHSTRKQVEEAGDKLPADDKTAIESALTALETALKGEDKAAIEAKMQELAQVSQKLMEIAQQQHAQQQTAGADASANNAKDDDVVDAEFEEVKDKK,Chaperone protein DnaK,638,PJALOIHP_00013,CPMPOPCK_00013
13,MAKQDYYEILGVSKTAEEREIKKAYKRLAMKYHPDRNQGDKEAEAKFKEIKEAYEVLTDSQKRAAYDQYGHAAFEQGGMGGGGFGGGADFSDIFGDVFGDIFGGGRGRQRAARGADLRYNMELTLEEAVRGVTKEIRIPTLEECDVCHGSGAKPGTQPQTCPTCHGSGQVQMRQGFFAVQQTCPHCQGRGTLIKDPCNKCHGHGRVERSKTLSVKIPAGVDTGDRIRLAGEGEAGEHGAPAGDLYVQVQVKQHPIFEREGNNLYCEVPINFAMAALGGEIEVPTLDGRVKLKVPGETQTGKLFRMRGKGVKSVRGGAQGDLLCRVVVETPVGLNEKQKQLLQELQESFGGPTGEHNSPRSKSFFDGVKKFFDDLTR,Chaperone protein DnaJ,376,PJALOIHP_00014,CPMPOPCK_00014
14,MLNTCRVPLTDRKVKEKRAMKQHKAMIVALIVICITAVVAALVTRKDLCEVHIRTGQTEVAVFTAYESE,hypothetical protein,69,PJALOIHP_00015,
15,MKHLHRFFSSDASGGIILIIAAILAMIMANSGATSGWYHDFLETPVQLRVGSLEINKNMLLWINDALMAVFFLLVGLEVKRELMQGSLASLRQAAFPVIAAIGGMIVPALLYLAFNYADPITREGWAIPAATDIAFALGVLALLGSRVPLALKIFLMALAIIDDLGAIIIIALFYTNDLSMASLGVAAVAIAVLAVLNLCGVRRTGVYILVGVVLWTAVLKSGVHATLAGVIVGFFIPLKEKHGRSPAKRLEHVLHPWVAYLILPLFAFANAGVSLQGVTLDGLTSILPLGIIAGLLIGKPLGISLFCWLALRLKLAHLPEGTTYQQIMAVGILCGIGFTMSIFIASLAFGSVDPELINWAKLGILVGSISSAVIGYSWLRVRLRPSV,Na(+)/H(+) antiporter NhaA,388,PJALOIHP_00016,CPMPOPCK_00020
16,MSHINYNHLYYFWHVYKEGSVVGAAEALYLTPQTITGQIRALEERLQGKLFKRKGRGLEPSELGELVYRYADKMFTLSQEMLDIVNYRKESNLLFDVGVADALSKRLVSSVLNAAVVEGEPIHLRCFESTHEMLLEQLSQHKLDMIISDCPIDSTQQEGLFSVRIGECGVSFWCTNPPPEKPFPACLEERRLLIPGRRSMLGRKLLNWFNSQGLNVEILGEFDDAALMKAFGAMHNAIFVAPTLYAYDFYADKTVVEIGRVENVMEEYHAIFAERMIQHPAVQRICNTDYSALFSPAAR,Transcriptional activator protein NhaR,299,PJALOIHP_00017,
17,MKWLLLITLSLYSFIVQSAPCALTNVGEQRGTYILKPLSMKGNLTAEKIENTGNIIECTDLQETTNAIKVHFLTQNALRFKVGSRHYIINFPFESDGKKKELPGKSSYNLEEMLSAINFTIPYSIASVSDSSNTADIFPGTPFPLLFEIEVSSCTGNNTNCNSVRFNYNLNTILQVNLMTCSFEDQSIDTGRFVLSRINNENYQFHHIRFDCIQGEQGELVFEPSDVEYYFEPVTIQESGTSILKNELENSEDGAGQIGFQLSNDGTNEIQYGKSNYYSFQHPHEGSNQIPLFIRPRTYGNNVSSGQIMSRVKIVVMYN,hypothetical protein,319,PJALOIHP_00018,
18,MAAWRYASQDYRTFSDHLYENDKINHQSDYDDFYDIGRKNSLSANIMQPLSNNLGNVSLSALWRNYWGRSGNAKDYQLSYSNNWQHISYTFSASQSYDENNKEEERFNLFISIPFYWGDDIAKTRHQINLSNSTSFSKDGYSSNNTGITGIAGEHDQLNYGIYVNQQQQNNDTSLGTNLSWRTPIAIIDGSYSHSKNAWQSGGSISSGLVVWPGGINITNQLSDTFAILDAPGLEGAHINGQKYNRTNSKGQVVYDLIIPHRENHLVLDIANSESETELQGNRQIIAPYRGAVSYVQFTTDQRKPWYIQALRPDGSPLTFGYDVLDFQENNIGVVGQGSRLFIRVDEIPTDIKVALNDEQNLFCTITFQHVIDENKTYICQ,Outer membrane usher protein YehB,381,PJALOIHP_00019,
19,MSSFLTAENNIKEFILLLPYNKSLEMYELNDQKIQYLTAPNINIHKMSLSNITIEKSNLSYGYYFSCVLSNISCFESDLSNTIFSNGEINNLFIKKSNIFGASFTNTRIKNLLCEDIMPGRWTTQLVNKHLGYRYTGVFKTLASIDDKPSRFEILIPLIQTLVRDNVKLNNDVYKELKKFMHDYDKTSPEMRKYLQSINESMFLMKNIAHQN,hypothetical protein,212,PJALOIHP_00020,
20,MANIKSAKKRAIQSEKARKHNASRRSMMRTFIKKVYAAIEAGDKAAAQKAFNEMQPIVDRQAAKGLIHKNKAARHKANLTAQINKLA,30S ribosomal protein S20,87,PJALOIHP_00021,CPMPOPCK_00022
21,MKLIRGIHNLSQAPQEGCVLTIGNFDGVHRGHRALLQGLQEEGRKRNLPVMVMLFEPQPLELFATDKAPARLTRLREKLRYLAECGVDYVLCVRFDRRFAALTAQNFISDLLVKHLRVKFLAVGDDFRFGAGREGDFLLLQKAGMEYGFDITSTQTFCEGGVRISSTAVRQALADDNLALAESLLGHPFAISGRVVHGDELGRTIGFPTANVPLRRQVSPVKGVYAVEVLGLGEKPLPGVANIGTRPTVAGIRQQLEVHLLDVAMDLYGRHIQVVLRKKIRNEQRFASLDELKAQIARDELTAREFFGLTKPA,Bifunctional riboflavin kinase/FMN adenylyltransferase,313,PJALOIHP_00022,CPMPOPCK_00023
22,MSDYKSTLNLPETGFPMRGDLAKREPGMLARWTDDDLYGIIRAAKKGKKTFILHDGPPYANGSIHIGHSVNKILKDIIVKSKGLSGYDSPYVPGWDCHGLPIELKVEQEYGKPGEKFTAAEFRAKCREYAATQVDGQRKDFIRLGVLGDWSHPYLTMDFKTEANIIRALGKIIGNGHLHKGAKPVHWCVDCRSALAEAEVEYYDKTSPSIDVAFQAVDQDALKAKFAVSNVNGPISLVIWTTTPWTLPANRAISIAPDFDYALVQIDGQAVILAKDLVESVMQRIGVTDYTILGTVKGAELELLRFTHPFMGFDVPAILGDHVTLDAGTGAVHTAPGHGPDDYVIGQKYGLETANPVGPDGTYLPGTYPTLDGVNVFKANDIVVALLQEKGALLHVEKMQHSYPCCWRHKTPIIFRATPQWFVSMDQKGLRAQSLKEIKGVQWIPDWGQARIESMVANRPDWCISRQRTWGVPMSLFVHKDTEELHPRTLELMEEVAKRVEVDGIQAWWDLDAKEILGDEADQYVKVPDTLDVWFDSGSTHSSVVDVRPEFAGHAADMYLEGSDQHRGWFMSSLMISTAMKGKAPYRQVLTHGFTVDGQGRKMSKSIGNTVSPQDVMNKLGADILRLWVASTDYTGEMAVSDEILKRAADSYRRIRNTARFLLANLNGFDPAKDMVKPEEMVVLDRWAVGCAKAAQEDILKAYEAYDFHEVVQRLMRFCSVEMGSFYLDIIKDRQYTAKADSVARRSCQTALYHIAEALVRWMAPILSFTADEVWGYLPGEREKYVFTGEWYEGLFGLADSEAMNDAFWDELLKVRGEVNKVIEQARADKKVGGSLEAAVTLYAEPELSAKLTALGDELRFVLLTSGATVADYNDAPADAQQSEVLKGLKVALSKAEGEKCPRCWHYTQDVGKVAEHAEICGRCVSNVAGDGEKRKFA,Isoleucine--tRNA ligase,938,PJALOIHP_00023,CPMPOPCK_00024
23,MSQSICSTGLRWLWLVVVVLIIDLGSKYLILQNFALGDTVPLFPSLNLHYARNYGAAFSFLADSGGWQRWFFAGIAIGISVILAVMMYRSKATQKLNNIAYALIIGGALGNLFDRLWHGFVVDMIDFYVGDWHFATFNLADTAICVGAALIVLEGFLPSKAKKQ,Lipoprotein signal peptidase,164,PJALOIHP_00024,CPMPOPCK_00025
24,MSESVQSNSAVLVHFTLKLDDGTTAESTRNNGKPALFRLGDASLSEGLEQHLLGLKVGDKTTFSLEPDAAFGVPSPDLIQYFSRREFMDAGEPEIGAIMLFTAMDGSEMPGVIREINGDSITVDFNHPLAGQTVHFDIEVLEIDPALEA,FKBP-type 16 kDa peptidyl-prolyl cis-trans isomerase,149,PJALOIHP_00025,CPMPOPCK_00026
25,MQILLANPRGFCAGVDRAISIVENALAIYGAPIYVRHEVVHNRYVVDSLRERGAIFIEQISEVPDGAILIFSAHGVSQAVRNEAKSRDLTVFDATCPLVTKVHMEVARASRRGEESILIGHAGHPEVEGTMGQYSNPEGGMYLVESPDDVWKLTVKNEEKLSFMTQTTLSVDDTSDVIDALRKRFPKIVGPRKDDICYATTNRQEAVRALAEQAEVVLVVGSKNSSNSNRLAELAQRMGKSAFLIDDAKDIQEEWVKEVKCVGVTAGASAPDILVQNVVARLQQLGGGEAIPLEGREENIVFEVPKELRVDIREVD,4-hydroxy-3-methylbut-2-enyl diphosphate reductase,316,PJALOIHP_00026,CPMPOPCK_00027
26,MRLPIFLDTDPGIDDAVAIAAAIFAPELDLQLMTTVAGNVSVEKTTRNALQLLHFWNAEIPLAQGAAVPLVRAPRDAASVHGESGMAGYDFVEHNRKPLGIPAFLAIRDALMRAPEPVTLVAIGPLTNIALLLSQCPECKPYIRRLVIMGGSAGRGNCTPNAEFNIAADPEAAACVFRSGIEIVMCGLDVTNQAILTPDYLATLPELNRTGKMLHALFSHYRSGSMQSGLRMHDLCAIAWLVRPDLFTLKPCFVAVETQGEFTSGTTVVDIDGCLGKPANVKVALDLDVKGFQQWVAEVLALAS,Non-specific ribonucleoside hydrolase RihC,304,PJALOIHP_00027,
27,MHDANIRVAIAGAGGRMGRQLIQAALALEGVQLGAALEREGSSLLGSDAGELAGAGKTGVTVQSSLDAVKDDFDVFIDFTRPEGTLNHLAFCRQHGKGMVIGTTGFDEAGKQAIRDAAADIAIVFAANFSVGVNVMLKLLEKAAKVMGDYTDIEIIEAHHRHKVDAPSGTALAMGEAIAHALDKDLKDCAVYSREGHTGERVPGTIGFATVRAGDIVGEHTAMFADIGERLEITHKASSRMTFANGAVRSALWLSSKESGLFDMRDVLDLNSL,4-hydroxy-tetrahydrodipicolinate reductase,273,PJALOIHP_00028,CPMPOPCK_00031
28,MIKSALLVLEDGTQFHGRAIGATGSAVGEVVFNTSMTGYQEILTDPSYSRQIVTLTYPHIGNVGTNDADEESSQVHAQGLVIRDLPLIASNFRNTEDLSSYLKRHNIVAIADIDTRKLTRLLREKGAQNGCIIAGDNPDAALALEKARAFPGLNGMDLAKEVTTAEAYSWTQGSWTLTGGLPEAKKEDELPFHVVAYDFGAKRNILRMLVDRGCRLTIVPAQTSAEDVLKMNPDGIFLSNGPGDPAPCDYAITAIQKFLETDIPVFGICLGHQLLALASGAKTVKMKFGHHGGNHPVKDVEKNVVMITAQNHGFAVDEATLPANLRVTHKSLFDGTLQGIHRTDKPAFSFQGHPEASPGPHDAAPLFDHFIELIEQYRKTAK,Carbamoyl-phosphate synthase small chain,382,PJALOIHP_00029,CPMPOPCK_00032
29,MPKRTDIKSILILGAGPIVIGQACEFDYSGAQACKALREEGYRVILVNSNPATIMTDPEMADATYIEPIHWEVVRKIIEKERPDAVLPTMGGQTALNCALELERQGVLEEFGVTMIGATADAIDKAEDRRRFDVAMKKIGLETARSGIAHTMEEALAVAADVGFPCIIRPSFTMGGSGGGIAYNREEFEEICARGLDLSPTKELLIDESLIGWKEYEMEVVRDKNDNCIIVCSIENFDAMGIHTGDSITVAPAQTLTDKEYQIMRNASMAVLREIGVETGGSNVQFAVNPKNGRLIVIEMNPRVSRSSALASKATGFPIAKVAAKLAVGYTLDELMNDITGGRTPASFEPSIDYVVTKIPRFNFEKFAGANDRLTTQMKSVGEVMAIGRTQQESLQKALRGLEVGATGFDPKVSLDDPEALTKIRRELKDAGAERIWYIADAFRAGLSVDGVFNLTNIDRWFLVQIEELVRLEEKVAEVGITGLNAEFLRQLKRKGFADARLAKLAGVREAEIRKLRDQYDLHPVYKRVDTCAAEFATDTAYMYSTYEEECEANPSTDREKIMVLGGGPNRIGQGIEFDYCCVHASLALREDGYETIMVNCNPETVSTDYDTSDRLYFEPVTLEDVLEIVRIEKPKGVIVQYGGQTPLKLARALEAAGVPVIGTSPDAIDRAEDRERFQHAVERLKLKQPANATVTAIEMAVEKAKEIGYPLVVRPSYVLGGRAMEIVYDEADLRRYFQTAVSVSNDAPVLLDHFLDDAVEVDVDAICDGEMVLIGGIMEHIEQAGVHSGDSACSLPAYTLSQEIQDVMRQQVQKLAFELQVRGLMNVQFAVKNNEVYLIEVNPRAARTVPFVSKATGVPLAKVAARVMAGKSLAEQGVTKEVIPPYYSVKEVVLPFNKFPGVDPLLGPEMRSTGEVMGVGRTFAEAFAKAQLGSNSTMKKHGRALLSVREGDKERVVDLAAKLLKQGFELDATHGTAIVLGEAGINPRLVNKVHEGRPHIQDRIKNGEYTYIINTTSGRRAIEDSRVIRRSALQYKVHYDTTLNGGFATAMALNADATEKVISVQEMHAQIK,Carbamoyl-phosphate synthase large chain,1073,PJALOIHP_00030,CPMPOPCK_00033
30,MTRFEAIKQGHIKIVDISIVCNFTVDKCELNPAYVIKNIDSPKDLLNGQKKRSSSENRITYSIKLADEKYPP,hypothetical protein,72,PJALOIHP_00031,
31,MCEGYVEKPLYLLIAEWMMAENRWVIAREISIHFDIEHSKAVNTLTYILSEVAEISCEVKMIPNKLEGRGCQCQRLVKVVDIDEQIYARLRNNSRDKLVGVRKTPRIPAVPLTELNREQKWQMMLSKSMRR,hypothetical protein,131,PJALOIHP_00032,CPMPOPCK_00034
32,MSYYAFEGLIPVVHPTAFVHPSAVLIGDVIVGAGVYIGPLASLRGDYGRLIVQAGANIQDGCIMHGYCDTDTIVGENGHIGHGAILHGCVIGRDALVGMNSVIMDGAVIGEESIVAAMSFVKAGFHGEKRQLLMGTPARAVRSVSDDELHWKRLNTKEYQDLVGRCHASLHETQPLRQMEENRPRLQGTTDVTPKR,Protein YrdA,196,PJALOIHP_00033,CPMPOPCK_00035
33,MSESLHLTRNGSILEITLDRPKANAIDAKTSFEMGEVFLNFRDDPQLRVAIITGAGEKFFSAGWDLKAAAEGEAPDADFGPGGFAGLTEIFNLDKPVIAAVNGYAFGGGFELALAADFIVCADNASFALPEAKLGIVPDSGGVLRLPKILPPAIVNEMVMTGRRMGAEEALRWGIVNRVVSQAELMDNARELAQQLVNSAPLAIAALKEIFRTTSEMPVEEAYRYIRSGVLKHYPSVLHSEDAIEGPLAFAEKRDPVWKGR,Carnitinyl-CoA dehydratase,261,PJALOIHP_00034,CPMPOPCK_00036
34,MDIIGGQHLRQMWDDLADVYGHKTALICESSGGVVNRYSYLELNQEINRTANLFYTLGIRKGDKVALHLDNCPEFIFCWFGLAKIGAIMVPINARLLREESAWILQNSQACLLVTSAQFYPMYQQIQQEDATQLRHICLTDVALPADDGVSSFTQLKNQQPATLCYAPPLSTDDTAEILFTSGTTSRPKGVVITHYNLRFAGYYSAWQCALRDDDVYLTVMPAFHIDCQCTAAMAAFSAGATFVLVEKYSARAFWGQVQKYRATITECIPMMIRTLMVQPPSANDRQHRLREVMFYLNLSEQEKDAFCERFGVRLLTSYGMTETIVGIIGDRPGDKRRWPSIGRAGFCYEAEIRDDHNRPLPAGEIGEICIKGVPGKTIFKEYFLNPKATAKVLEADGWLHTGDTGYCDEEGFFYFVDRRCNMIKRGGENVSCVELENIIATHPKIQDIVVVGIKDSIRDEAIKAFVVVNEGETLSEEEFFRFCEQNMAKFKVPSYLEIRKDLPRNCSGKIIRKNLK,Crotonobetaine/carnitine--CoA ligase,517,PJALOIHP_00035,CPMPOPCK_00037
35,MDHLPMPKFGPLAGLRVVFSGIEIAGPFAGQMFAEWGAEVIWIENVAWADTIRVQPNYPQLSRRNLHALSLNIFKDEGREAFLKLMETTDIFIEASKGPAFARRGITDEVLWQHNPKLVIAHLSGFGQYGTEEYTNLPAYNTIAQAFSGYLIQNGDVDQPMPAFPYTADYFSGLTATTAALAALHKVRETGKGESIDIAMYEVMLRMGQYFMMDYFNGGEMCPRMSKGKDPYYAGCGLYKCADGYIVMELVGITQIEECFKDIGLAHLLGTPEIPEGTQLIHRIECPYGPLVEEKLDAWLAAHTIAEVKERFAELYIACAKVLTVPELESNPQYVARESITQWQTMDGRTCKGPNIMPKFKNNPGQIWRGMPSHGMDTAAILKNIGYSENDIQELVSKGLAKVED,L-carnitine CoA-transferase,405,PJALOIHP_00036,CPMPOPCK_00038
36,MDFNLNDEQELFVAGIRELMASENWEAYFAECDRDSVYPERFVKALADMGIDSLLIPEEHGGLDAGFVTLAAVWMELGRLGAPTYVLYQLPGGFNTFLREGTQEQIDKIMAFRGTGKQMWNSAITEPGAGSDVGSLKTTYTRRNGKIYLNGSKCFITSSAYTPYIVVMARDGASPDKPVYTEWFVDMSKPGIKVTKLEKLGLRMDSCCEITFDDVELDEKDMFGREGNGFNRVKEEFDHERFLVALTNYGTAMCAFEDAARYANQRVQFGEAIGRFQLIQEKFAHMAIKLNSMKNMLYEAAWKADNGTITSGDAAMCKYFCANAAFEVVDSAMQVLGGVGIAGNHRISRFWRDLRVDRVSGGSDEMQILTLGRAVLKQYR,Crotonobetainyl-CoA reductase,380,PJALOIHP_00037,CPMPOPCK_00039
37,MKNEKRKTGIEPKVFFPPLIIVGILCWLTVRDLDAANVVINAVFSYVTNVWGWAFEWYMVVMLFGWFWLVFGPYAKKRLGNEPPEFSTASWIFMMFASCTSAAVLFWGSIEIYYYISTPPFGLEPNSTGAKELGLAYSLFHWGPLPWATYSFLSVAFAYFFFVRKMEVIRPSSTLVPLVGEKHAKGLFGTIVDNFYLVALIFAMGTSLGLATPLVTECMQWLFGIPHTLQLDAIIITCWIILNAICVACGLQKGVRIASDVRSYLSFLMLGWVFIVSGASFIMNYFTDSVGMLLMYLPRMLFYTDPIAKGGFPQGWTVFYWAWWVIYAIQMSIFLARISRGRTVRELCFGMVLGLTASTWILWTVLGSNTLLLIDKNIINIPNLIEQYGVARAIIETWAALPLSTATMWGFFILCFIATVTLVNACSYTLAMSTCREVRDGEEPPLLVRIGWSILVGIIGIVLLALGGLKPIQTAIIAGGCPLFFVNIMVTLSFIKDAKQNWKD,L-carnitine/gamma-butyrobetaine antiporter,504,PJALOIHP_00038,CPMPOPCK_00040
38,MKIITCYKCVPDEQDIAVNNADGSLDFSKADAKISQYDLNAIEAACQLKQQAAEAQVTALSVGGKALTNAKGRKDVLSRGPDELIVVIDDQFEQALPQQTASALAAAAQKAGFDLILCGDGSSDLYAQQVGLLVGEILNIPAVNGVSKIISLTADTLTVERELEDETETLSIPLPAVVAVSTDINSPQIPSMKAILGAAKKPVQVWSAADIGFNAVDAWSEQQVAAPKQRERQRIVIEGDGEEQIAAFAENLRKVI,Protein FixA,256,PJALOIHP_00039,CPMPOPCK_00041
39,MNTFSQVWVFSDTPSRLPELMNGAQALANQINTFVLNDADGAQAIQLGANHVWKLNGKPDDRMIEDYAGVMADTIRQHGADGLVLLPNTRRGKLLAAKLGYRLKAAVSNDASTVSVQDGKATVKHMVYGGLAIGEERIATPYAVLTISSGTFDAAQPDASRTGETHTVEWQAPAVAITRTATQARQSNSVDLDKARLVVSVGRGIGSKENIALAEQLCKAIGAELACSRPVAENEKWMEHERYVGISNLMLKPELYLAVGISGQIQHMVGANASQTIFAINKDKNAPIFQYADYGIVGDAVKILPALTAALAR,Protein FixB,313,PJALOIHP_00040,
40,MSEDIFDAIIVGAGLAGSVAALVLAREGAQVLVIERGNSAGAKNITGGRLYAHSLEHIIPGFADSAPVERLITHEKLAFMTEKSAMTMDYCNGDETSPSQRSYSVLRSKFDAWLMEQAEEAGAQLITGIRVDNLVQRDGKVVGVEADGDVIEAKTVILADGVNSILAEKLGMAKRVKPTDVAVGVKELIELPKSVIEDRFQLQGNQGAACLFAGSPTDGLMGGGFLYTNENTLSLGLVCGLHHLHDAKKSVPQMLEDFKQHPAVAPLIAGGKLVEYSAHVVPEAGINMLPELVGDGVLIAGDAAGMCMNLGFTIRGMDLAIAAGEAAAKTVLSAMKSDDFSKQKLAEYRQHLESGPLRDMRMYQKLPAFLDNPRMFSGYPELAVGVARDLFTIDGSAPELMRKKILRHGKKVGFINLIKDGMKGVTVL,Thiamine thiazole synthase,428,PJALOIHP_00041,CPMPOPCK_00044
41,MTSPVNVDVKLGVNKFNVDEEHPHIVVKADADKQALELLVKACPAGLYKKQDDGSVRFDYAGCLECGTCRILGLGSALEQWEYPRGTFGVEFRYG,Ferredoxin-like protein FixX,95,PJALOIHP_00042,CPMPOPCK_00045
42,MQPSRNFDDLKFSSIHRRILLWGSGGPFLDGYVLVMIGVALEQLTPALKLDADWIGLLGAGTLAGLFVGTSLFGYISDKVGRRKMFLIDIIAIGVISVATMFVSSPVELLVMRVLIGIVIGADYPIATSMITEFSSTRQRAFSISFIAAMWYVGATCADLVGYWLYDVEGGWRWMLGSAAIPCLLILIGRFELPESPRWLLRKGRVKECEEMMIKLFGEPVAFDEEQPQQTRFRDLFNRRHFPFVLFVAAIWTCQVIPMFAIYTFGPQIVGLLGLGVGKNAALGNVVISLFFMLGCIPPMLWLNTAGRRPLLIGSFAMMTLALAVLGLIPDMGIWLVVMAFAVYAFFSGGPGNLQWLYPNELFPTDIRASAVGVIMSLSRIGTIVSTWALPIFINNYGISNTMLMGAGISLFGLLISVAFAPETRGMSLAQTSNMTIRGQRMG,Inner membrane metabolite transport protein YgcS,443,PJALOIHP_00043,CPMPOPCK_00046
43,MILIIYAHPYPHHSHANKRMLEQARTLEGVEIRSLYQLYPDFNIDIAAEQEALSRADLIVWQHPMQWYSIPPLLKLWIDKVFSHGWAYGHGGTALHGKHLLWAVTTGGGESHFEIGAHPGFDVLSQPLQATAIYCGLNWLPPFAMHCTFICDDETLEGQARHYKQRLLEWQEAHHG,Glutathione-regulated potassium-efflux system ancillary protein KefF,176,PJALOIHP_00044,CPMPOPCK_00047
44,MDSHTLIQALIYLGSAALIVPIAVRLGLGSVLGYLIAGCIIGPWGLRLVTDAESILHFAEIGVVLMLFIIGLELDPQRLWKLRAAVFGGGALQMVICGGLLGLFCMLLGLRWQVAELIGMTLALSSTAIAMQAMNERNLMVTQMGRSAFAVLLFQDIAAIPLVAMIPLLATSSASTTMGAFALSALKVAGALVLVVLLGRYVTRPALRFVARSGLREVFSAVALFLVFGFGLLLEEVGLSMAMGAFLAGVLLASSEYRHALESDIEPFKGLLLGLFFIGVGMSIDFGTLLENPLRIVILLLGFLIIKIAMLWLIARPLQVPNKQRRWFAVLLGQGSEFAFVVFGAAQMANVLEPEWAKSLTLAVALSMAATPILLVILNRLEQSSTEEAREADEIDEEQPRVIIAGFGRFGQITGRILLSSGVKMVVLDHDPDHIETLRKFGMKVFYGDATRMDLLESAGAAKAEVLINAIDDPQTNLQLTEMVKEHFPHLQIIARARDVDHYIRLRQAGVEKPERETFEGALKTGRLALESLGLGPYEARERADVFRRFNIQMVEEMAMVENDTKARAAVYKRTSAMLSEIITEDREHLSLIQRHGWQGTEEGKHTGNMADEPETKPSS,Glutathione-regulated potassium-efflux system protein KefC,620,PJALOIHP_00045,CPMPOPCK_00048
45,MDSPAEYKIFLNIILAPVDDGLRFTYSGDNFFYREISMISLIAALAVDRVIGMENAMPWNLPADLAWFKRNTLNKPVIMGRHTWESIGRPLPGRKNIILSSQPGTDDRVTWVKSVDEAIAACGDVPEIMVIGGGRVYEQFLPKAQKLYLTHIDAEVEGDTHFPDYEPDDWESVFSEFHDADAQNSHSYCFEILERR,Dihydrofolate reductase,196,PJALOIHP_00046,CPMPOPCK_00049
46,MATYLIGDVHGCYDELIALLHKVEFTPGKDTLWLTGDLVARGPGSLDVLRYVKSLGDSVRLVLGNHDLHLLAVFAGISRNKPKDRLTPLLEAPDADELLNWLRRQPLLQIDEEKKLVMAHAGITPQWDLQTAKECARDVEAVLSSDSYPFFLDAMYGDMPNNWSPELRGLGRLRFITNAFTRMRFCFPNGQLDMYSKESPEEAPAPLKPWFAIPGPVAEEYSIAFGHWASLEGKGTPEGIYALDTGCCWGGSLTCLRWEDKQYFVQPSNRHKDLGEAAAS,"Bis(5'-nucleosyl)-tetraphosphatase, symmetrical",280,PJALOIHP_00047,CPMPOPCK_00052
47,MINSPRVCIQVQSVYIEAQSSPDNERYVFAYTVTIRNLGRAPVQLLGRYWLITNGNGRETEVQGEGVVGVQPLIAPGEEYQYTSGAIIETPLGTMQGHYEMIDENGVPFSIDIPVFRLAVPTLIH,Protein ApaG,125,PJALOIHP_00048,CPMPOPCK_00053
48,MNNRVHQGHLARKRFGQNFLNDQFVIDSIVSAINPQKGQAMVEIGPGLAALTEPVGERLDQLTVIELDRDLAARLQTHPFLGPKLTIYQQDAMTFNFGELAEKMGQPLRVFGNLPYNISTPLMFHLFSYTDAIADMHFMLQKEVVNRLVAGPNSKAYGRLSVMAQYYCNVIPVLEVPPSAFTPPPKVDSAVVRLVPHATMPHPVKDVRVLSRITTEAFNQRRKTIRNSLGNLFSVEVLTGMGIDPAMRAENISVAQYCQMANYLAENAPLQES,Ribosomal RNA small subunit methyltransferase A,273,PJALOIHP_00049,CPMPOPCK_00054
49,MVKTQRVVITPGEPAGIGPDLVVQLAQREWPVELVVCADATLLTDRAAMLGLPLTLRPYSPNSPAQPQTTGTLTLLPVALRESVTAGQLAIENGHYVVETLARACDGCLNGEFAALITGPVHKGVINDAGIPFTGHTEFFEERSQAKKVVMMLATEELRVALATTHLPLRDIADAITPALLHEVIAILHHDLRTKFGIAEPRILVCGLNPHAGEGGHMGTEEIDTIIPVLDELRAQEMKLSGPLPADTLFQPKYLDNADAVLAMYHDQGLPVLKYQGFGRGVNITLGLPFIRTSVDHGTALELAGRGEADVGSFITALNLAIKMIVNTQ,4-hydroxythreonine-4-phosphate dehydrogenase,329,PJALOIHP_00050,
50,MKNWKTLLLGIAMIANTSFAAPQVVDKVAAVVNNGVVLESDVDGLMQSVKLNAAQARQQLPDDATLRHQIMERLIMDQIILQMGQKMGVKISDEQLDQAIANIAKQNNMTLDQMRSRLAYDGLNYNTYRNQIRKEMIISEVRNNEVRRRITILPQEVESLAQQVGNQNDASTELNLSHILIPLPENPTSDQVNEAESQARAIVDQARNGADFGKLAIAHSADQQALNGGQMGWGRIQELPGIFAQALSTAKKGDIVGPIRSGVGFHILKVNDLRGESKNISVTEVHARHILLKPSPIMTDEQARVKLEQIAADIKSGKTTFAAAAKEFSQDPGSANQGGDLGWATPDIFDPAFRDALTRLNKGQMSAPVHSSFGWHLIELLDTRNVDKTDAAQKDRAYRMLMNRKFSEEAASWMQEQRASAYVKILSN,Chaperone SurA,428,PJALOIHP_00051,CPMPOPCK_00056
51,MKKRIPTLLATMIATALYSQQGLAADLASQCMLGVPSYDRPLVQGDTNDLPVTINADHAKGDYPDDAVFTGSVDIMQGNSRLQADEVQLHQKEAPGQPEPVRTVDALGNVHYDDNQVILKGPKGWANLNTKDTNVWKGDYQMVGRQGRGKADLMKQRGENRYTILDNGSFTSCLPGSDTWSVVGSEIIHDREEQVAEIWNARFKVGPVPIFYSPYLQLPVGDKRRSGFLIPNAKYTTTNYFEFYLPYYWNIAPNMDATITPHYMHRRGNIMWENEFRYLSQAGAGLMELDYLPSDKVYEDEHPNDDSSRRWLFYWNHSGVMDQVWRFNVDYTKVSDPSYFNDFDNKYGSSTDGYATQKFSVGYAVQNFNATVSTKQFQVFSEQNTSSYSAEPQLDVNYYQNDVGPFDTRIYGQAVHFVNTRDDMPEATRVHLEPTINLPLSNNWGSINTEAKLLATHYQQTNLDWYNSRNTTKLDESVNRVMPQFKVDGKMVFERDMEMLAPGYTQTLEPRAQYLYVPYRDQSNIYNYDSSLLQSDYSGLFRDRTYGGLDRIASANQVTTGVTSRIYDDAAVERFNISVGQIYYFTESRTGDDNITWENDDKTGSLVWAGDTYWRISERWGLRGGIQYDTRLDNVATSNSSIEYRRDEDRLVQLNYRYASPEYIQATLPKYYSTAEQYKNGISQVGAVASWPIADRWSIVGAYYYDTNANKQADSMLGVQYSSCCYAIRVGYERKLNGWDNDKQHAVYDNAIGFNIELRGLSSNYGLGTQEMLRSNILPYQNTL,LPS-assembly protein LptD,784,PJALOIHP_00052,CPMPOPCK_00057
52,MQYWGKIIGVAVALLMGGGFWGVVLGLLIGHMFDKARSRKMAWFANQRERQALFFATTFEVMGHLTKSKGRVTEADIHIASQLMDRMNLHGASRTAAQNAFRVGKSDNYPLREKMRQFRSVCFGRFDLIRMFLEIQIQAAFADGSLHPNERAVLYVIAEELGISRAQFDQFLRMMQGGAQFGGGYQQQSGGGNWQQAQRGPTLEDACNVLGVKPTDDATTIKRAYRKLMSEHHPDKLVAKGLPPEMMEMAKQKAQEIQQAYELIKQQKGFK,Co-chaperone protein DjlA,271,PJALOIHP_00053,
53,MGMENYNPPQEPWLVILYQDDHIMVVNKPSGLLSVPGRLEEHKDSVMTRIQRDYPQAESVHRLDMATSGVIVVALTKAAERELKRQFREREPKKQYVARVWGHPSPAEGLVDLPLICDWPNRPKQKVCYETGKPAQTEYEVVEYAADNTARVVLKPITGRSHQLRVHMLALGHPILGDRFYASPEARAMAPRLLLHAEMLTITHPAYGNSMTFKAPADF,Dual-specificity RNA pseudouridine synthase RluA,219,PJALOIHP_00054,CPMPOPCK_00059
54,MPFTLGQRWISDTESELGLGTVVAVDARTVTLLFPSTGENRLYARSDSPVTRVMFNPGDTITSHDGWQMQVEEVKEENGLLTYIGTRLDTEESGVALREVFLDSKLVFSKPQDRLFAGQIDRMDRFALRYRARKYSSEQFRMPYSGLRGQRTSLIPHQLNIAHDVGRRHAPRVLLADEVGLGKTIEAGMILHQQLLSGAAERVLIIVPETLQHQWLVEMLRRFNLRFALFDDERYAEAQHDAYNPFDTEQLVICSLDFARRSKQRLEHLCEAEWDLLVVDEAHHLVWSEDAPSREYQAIEQLAEHVPGVLLLTATPEQLGMESHFARLRLLDPNRFHDFAQFVEEQKNYRPVADAVAMLLAGNKLSNDELNMLGEMIGEQDIEPLLQAANSDSEDAQSARQELVSMLMDRHGTSRVLFRNTRNGVKGFPKRELHTIKLPLPTQYQTAIKVSGIMGARKSAEDRARDMLYPERIYQEFEGDNATWWNFDPRVEWLMGYLTSHRSQKVLVICAKAATALQLEQVLREREGIRAAVFHEGMSIIERDRAAAWFAEEDTGAQVLLCSEIGSEGRNFQFASHMVMFDLPFNPDLLEQRIGRLDRIGQAHDIQIHVPYLEKTAQSVLVRWYHEGLDAFEHTCPTGRTIYDSVYNDLINYLASPDQTEGFDDLIKNCREQHEALKAQLEQGRDRLLEIHSNGGEKAQALAESIEEQDDDTNLIAFAMNLFDIIGINQDDRGDNMIVLTPSDHMLVPDFPGLSEDGITITFDREVALAREDAQFITWEHPLIRNGLDLILSGDTGSSTISLLKNKALPVGTLLVELIYVVEAQAPKQLQLNHFLPPTPVRMLLDKNGNNLAAQVEFETFNRQLNAVNRHTGSKLVNAVQQDVHAILQLGEAQIEKSARALIDAARNEADEKLSAELSRLEALRAVNPNIRDDELTAIESNRQQVMESLDQAGWRLDALRLIVVTHQ,RNA polymerase-associated protein RapA,968,PJALOIHP_00055,CPMPOPCK_00060
55,MAQAGFILTRHWRDTPQGTEVSFWLATDNGPLQVTLAPQESVAFIPADQVPRAQHILQGEQGFRLTPLALKDFHRQPVYGLYCRAHRQLMNYEKRLREGGVTVYEADVRPPERYLMERFITSPVWVEGDMHNGTIVNARLKPHPDYRPPLKWVSIDIETTRHGELYCIGLEGCGQRIVYMLGPENGDASSLDFELEYVASRPLLLEKLNAWFANHDPDVIIGWNVVQFDLRMLQKHAERYRLPLRLGRDNSELEWREHGFKNGVFFAQAKGRLIIDGIEALKSAFWNFSSFSLETVAQELLGEGKSIDNPWDRMDEIDRRFAEDKPALATYNLKDCELVTQIFHKTEIMPFLLERATVNGLPVDRHGGSVAAFGHLYFPRMHRAGYVAPNLGEVPPHASPGGYVMDSRPGLYDSVLVLDYKSLYPSIIRTFLIDPVGLVEGMAQPDPEHSTEGFLDAWFSREKHCLPEIVTNIWHGRDEAKRQGNKPLSQALKIIMNAFYGVLGTTACRFFDPRLASSITMRGHQIMRQTKALIEAQGYDVIYGDTDSTFVWLKGAHSEEEAAKIGRVLVQHVNAWWAETLQKQRLTSALELEYETHFCRFLMPTIRGADTGSKKRYAGLIQEGDKQRMVFKGLETVRTDWTPLAQQFQQELYLRIFRNEPYQEYVRETIDKLMAGELDARLVYRKRLRRPLSEYQRNVPPHVRAARLADEENQKRGRPLQYQNRGTIKYVWTTNGPEPLDYQRSPLDYEHYLTRQLQPVAEGILPFIEDNFATLMTGQLGLF,DNA polymerase II,783,PJALOIHP_00056,CPMPOPCK_00061
56,MLEDLKRQVLEANLALPKHNLVTLTWGNVSAVDRERGVFVIKPSGVDYSVMTADDMVVVSIETGEVVEGTKKPSSDTPTHRLLYQAFPSIGGIVHTHSRHATIWAQSGQSIPAIGTTHADYFYGTIPCTRKMTDAEINGEYEWETGNVIVETFEKQGIDAAQMPGVLVHSHGPFAWGKNAEDAVHNAIVLEEVAYMGIFCRQLAPQLPDMQQTLLDKHYLRKHGAKAYYGQ,L-ribulose-5-phosphate 4-epimerase AraD,231,PJALOIHP_00057,
57,MTIFDNYEVWFVIGSQHLYGPETLRQVTQHAEHVVNALNTEAKLPCKLVLKPLGTTPDEITAICRDANYDDRCAGLVVWLHTFSPAKMWINGLTMLNKPLLQFHTQFNAALPWDSIDMDFMNLNQTAHGGREFGFIGARMRQQHAVVTGHWQDKQAHERIGSWMRQAVSKQDTRHLKVCRFGDNMREVAVTDGDKVAAQIKFGFSVNTWAVGDLVQVVNSISDGDVNALVDEYESCYTMTPATQIHGEKRQNVLEAARIELGMKRFLEQGGFHAFTTTFEDLHGLKQLPGLAVQRLMQQGYGFAGEGDWKTAALLRIMKVMSTGLQGGTSFMEDYTYHFEKGNDLVLGSHMLEVCPSIAVEEKPILDVQHLGIGGKDDPARLIFNTQTGPAIVASLIDLGDRYRLLVNCIDTVKTPHSLPKLPVANALWKAQPDLPTASEAWILAGGAHHTVFSHALNLNDMRQFAEMHDIEITVIDNDTRLPAFKDALRWNEVYYGFRR,L-arabinose isomerase,500,PJALOIHP_00058,CPMPOPCK_00064
58,MAIAIGLDFGSDSVRALAVDCASGEEIATSVEWYPRWQKGQFCDAPNNQFRHHPRDYIESMEAALKTVLAELSVEQRAAVVGIGVDSTGSTPAPIDADGNVLALRPEFAENPNAMFVLWKDHTAVEEAEEITRLCHAPGNVDYSRYIGGIYSSEWFWAKILHVTRQDSAVAQSAASWIELCDWVPALLSGTTRPQDIRRGRCSAGHKSLWHESWGGLPPASFFDELDPILNRHLPSPLFTDTWTADIPVGTLCPEWAQRLGLPESVVISGGAFDCHMGAVGAGAQPNALVKVIGTSTCDILIADKQSVGERAVKGICGQVDGSVVPGFIGLEAGQSAFGDIYAWFGRVLSWPLEQLAAQHPELKAQINASQKQLLPALTEAWAKNPSLDHLPVVLDWFNGRRTPNANQRLKGVITDLNLATDAPLLFGGLIAATAFGARAIMECFTDQGIAVNNVMALGGIARKNQVIMQACCDVLNRPLQIVASDQCCALGAAIFAAVAAKVHADIPSAQQKMASAVEKTLQPRSEQAQRFEQLYRRYQQWAMSAEQHYLPTSAPAQAAQAVATL,Ribulokinase,566,PJALOIHP_00059,CPMPOPCK_00065
59,MAEAQNDPLLPGYSFNAHLVAGLTPIEANGYLDFFIDRPLGMKGYILNLTIRGQGVVKNQGREFVCRPGDILLFPPGEIHHYGRHPEAREWYHQWVYFRPRAYWHEWLNWPSIFANTGFFRPDEAHQPHFSDLFGQIINAGQGEGRYSELLAINLLEQLLLRRMEAINESLHPPMDNRVREACQYISDHLADSNFDIASVAQHVCLSPSRLSHLFRQQLGISVLSWREDQRISQAKLLLSTTRMPIATVGRNVGFDDQLYFSRVFKKCTGASPSEFRAGCEEKVNDVAVKLS,Arabinose operon regulatory protein,292,PJALOIHP_00060,CPMPOPCK_00066
60,MQALLEHFITQSTVYSLMAVVLVAFLESLALVGLILPGTVLMAGLGALIGSGELSFWHAWLAGIVGCLLGDWISFWLGWRFKKPLHRWSFLKKNKALLDKTEHALHQHSMFTILVGRFVGPTRPLVPMVAGMLDLPVAKFITPNIIGCLLWPPFYFLPGILAGAAIDIPAGMQSGEFKWLLLATAVFLWVGGWLCWRLWRSGKATDRLSHYLSRGRLLWLTPLISAIGVVALVVLIRHPLMPVYIDILRKVVGV,Inner membrane protein YabI,254,PJALOIHP_00061,CPMPOPCK_00070
61,MLKLTDITWLYHHLPMRFSLTVERGEQVAILGPSGAGKSTLLNLIAGFLTPASGSLTIDGVDHTTMPPSRRPVSMLFQENNLFSHLTVAQNIGLGLNPGLKLNAAQQEKMHAIARQMGIDNLMARLPGELSGGQRQRVALARCLVREQPILLLDEPFSALDPALRQEMLTLVSTSCQQQKMTLLMVSHSVEDAARIATRSVVVADGRIAWQGKTDELLSGKARASALLGITG,Thiamine import ATP-binding protein ThiQ,232,PJALOIHP_00062,
62,MATRRQPLIPGWLIPGVSAATLVVAVALAAFLALWWNAPQGNWVAVWQDSYLWHVVRFSFWQAFLSALLSVVPAIFLARALYRRRFPGRLALLRLCAMTLILPVLVAVFGILSVYGRQGWLASLCQSLGLEWTFSPYGLQGILLAHVFFNLPMASRLLLQALENIPGEQRQLAAQLGMRSWHFFRFVEWPWLRRQIPPVAALIFMLCFASFATVLSLGGGPQATTIELAIYQALSYDYDPARAAMLALIQMVCCLGLVLLSQRLSKAIAPGTTLLQGWRDPDDRLHSRICDTVLIVLALLLLLPPLLAVIVDGVNRQLPEVLAQPVLWQALWTSLRIALAAGVLCVVLTMMLLWSSRELRARQKMLAGQALEMSGMLILAMPGIVLATGFFLLLNNTIGLPQSADGIVIFTNALMAIPYALKVLENPMRDITARYSMLCQSLGIEGWSRLKVVELRALKRPLAQALAFACVLSIGDFGVVALFGNDDFRTLPFYLYQQIGSYRSQDGAVTALILLLLCFLLFTVIEKLPGRNVKTD,hypothetical protein,536,PJALOIHP_00063,CPMPOPCK_00072
63,MLKKCLPLLLLCTAPVFAKPVLTVYTYDSFAADWGPGPKIKKAFEADCNCELKLVALEDGVSLLNRLRMEGKNSKADVVLGLDNNLLDAASKTGLFAKSGVAADAVNVPGGWNNDTFVPFDYGYFAFVYDKNKLKNPPQSLKELVESDQNWRVIYQDPRTSTPGLGLLLWMQKVYGDDAPQAWQKLAKKTVTVTKGWSEAYGLFLKGESDLVLSYTTSPAYHILEEKKDNYAAANFSEGHYLQVEVAARTAASKQPELAQKFLQFMVSPAFQNAIPTGNWMYPVANVTLPAGFEQLTKPATTLEFTPAEVAAQRQAWISEWQRAVSR,Thiamine-binding periplasmic protein,327,PJALOIHP_00064,CPMPOPCK_00073
64,MPSARLQQQFIRLWQCCEGKSQDTTLNELAALLSCSRRHMRTLLNTMQDRGWLTWEAEVGRGKRSRLTFLYTGLALQQQRAEDLLEQDRIDQLVQLVGDKATVRQMLVSHLGRSFRQGRHILRVLYYRPLRNLLPGSALRRSETHIARQIFSSLTRINEENGELEADIAHHWQQISPLHWRFFLRPGVHFHHGRELEMDDVIASLKRINTLPLYSHIADIVSPTPWTLDIHLTQPDRWLPLLLGQVPAMILPCEWETLSNFASHPIGTGPYAVIRNTTNQLKIQAFDDFFGYRALIDEVNVWVLPEIADEPAGGLMLKGPQGEEKEIESRLEEGCYYLLFDSRTHRGANQQVRDWVSYVLSPTNLVYFAEEQYQQLWFPAYGLLPRWHHARTIKSEKPAGLESLTLTFYQDHSEHRVIAGIMQQILASHQVTLEIKEISYDQWHEGEIESDIWLNSANFTLPLDFSLFAHLCEVPLLQHCIPIDWQADAARWRNGEMNLANWCQQLVASKAMVPLIHHWLIIQGQRSMRGLRMNTLGWFDFKSAWFAPPDP,HTH-type transcriptional regulator SgrR,551,PJALOIHP_00065,CPMPOPCK_00074
65,MRQFYQHYFTATAKLCWLRWLSVPQRLTMLEGLMQWDDRNSES,Putative inhibitor of glucose uptake transporter SgrT,43,PJALOIHP_00066,
66,MIWIMTMARRMNGVYAAFMLVAFMMGVAGALQAPTLSLFLSREVGAQPFWIGLFYTVNAIAGIGVSLWLAKRSDSQGDRRKLIIFCCLMAIGNALLFAFNRHYLTLITCGVLLASLANTAMPQLFALAREYADNSAREVVMFSSVMRAQLSLAWVIGPPLAFMLALNYGFTVMFSIAAGIFTLSLVLIAFMLPSVARVELPSENALSMQGGWQDSNVRMLFVASTLMWTCNTMYIIDMPLWISSELGLPDKLAGFLMGTAAGLEIPAMILAGYYVKRYGKRRMMVIAVAAGVLFYTGLIFFHSRMALMTLQLFNAVFIGIVAGIGMLWFQDLMPGRAGAATTLFTNSISTGVILAGVIQGAIAQSWGHFAVYWVIAVISVVALFLTAKVKDV,Sugar efflux transporter A,392,PJALOIHP_00067,
67,MAEKFIKHTGLVVPLDAANVDTDAIIPKQFLQKVTRTGFGAHLFNDWRFLDEKGQQPNPDFVLNFPQYQGASILLARENFGCGSSREHAPWALTDYGFKVVIAPSFADIFYGNSFNNQLLPVKLSDAEVDELFALVKANPGIHFDVDLEAQEVKAGEKTYRFTIDAFRRHCMMNGLDSIGLTLQHDDAIAAYEAKQPAFMN,3-isopropylmalate dehydratase small subunit,201,PJALOIHP_00068,CPMPOPCK_00077
68,MAKTLYEKLFDAHVVYEAENETPLLYIDRHLVHEVTSPQAFDGLRAHGRPVRQPGKTFATMDHNVSTQTKDINACGEMARIQMQELIKNCKEFGVELYDLNHPYQGIVHVMGPEQGVTLPGMTIVCGDSHTATHGAFGALAFGIGTSEVEHVLATQTLKQGRAKTMKIEVQGKAAPGITAKDIVLAIIGKTGSAGGTGHVVEFCGEAIRDLSMEGRMTLCNMAIEMGAKAGLVAPDETTFNYVKGRLHAPKGKDFDDAVAYWKTLQTDEGATFDTVVTLQAEEISPQVTWGTNPGQVISVNDNIPDPASFADPVERASAEKALAYMGLKPGIPLTEVAIDKVFIGSCTNSRIEDLRAAAEIAKGRKVAPGVQALVVPGSGPVKAQAEAEGLDKIFIEAGFEWRLPGCSMCLAMNNDRLNPGERCASTSNRNFEGRQGRGGRTHLVSPAMAAAAAVTGHFADIRNIK,3-isopropylmalate dehydratase large subunit,466,PJALOIHP_00069,CPMPOPCK_00078
69,MSKNYHIAVLPGDGIGPEVMTQALKVLDAVRNRFAMRITTSHYDVGGAAIDNHGQPLPPATVEGCEQADAVLFGSVGGPKWEHLPPDQQPERGALLPLRKHFKLFSNLRPAKLYQGLEAFCPLRADIAANGFDILCVRELTGGIYFGQPKGREGSGQYEKAFDTELYHRFEIERIARIAFESARKRRHKVTSIDKANVLQSSILWREIVNEIATEYPDVELAHMYIDNATMQLIKDPSQFDVLLCSNLFGDILSDECAMITGSMGMLPSASLNEQGFGLYEPAGGSAPDIAGKNIANPIAQILSLALLLRYSLDADDAACAIERAINRALEEGIRTGDLARGAAAVSTDEMGDIIARYVAEGV,3-isopropylmalate dehydrogenase,363,PJALOIHP_00070,CPMPOPCK_00079
70,MSQQVIIFDTTLRDGEQALQASLSVKEKLQIALALERMGVDVMEVGFPVSSPGDFESVQTIARQVKNSRVCALARCVEKDIDVAAESLKVAEAFRIHTFIATSPMHIATKLRSTLDEVIERAIYMVKRARNYTDDVEFSCEDAGRTPIADLARVVEAAINAGATTINIPDTVGYTMPFEFAGIISGLYERVPNIDKAIISVHTHDDLGLAVGNSLAAVHAGARQVEGAMNGIGERAGNCSLEEVIMAIKVRKDILNVHTAINHQEIWRTSQLVSQICNMPIPANKAIVGSGAFAHSSGIHQDGVLKNRENYEIMTPESIGLNQIQLNLTSRSGRAAVKHRMDEMGYKESEYNLDNLYDAFLKLADKKGQVFDYDLEALAFIGKQQEEPEHFRLDYFSVQSGSNDIATAAVKLACGEEVKAEAANGNGPVDAVYQAINRITDYNVELVKYSLTAKGHGKDALGQVDIVANYNGRRFHGVGLATDIVESSAKAMVHVLNNIWRAAEVEKELQRKAQHNENNKETV,2-isopropylmalate synthase,523,PJALOIHP_00071,CPMPOPCK_00080
71,MPEVQTDHSETAELSKPQLRMVDLNLLTVFDAVMQEQNITRAAHVLGMSQPAVSNAVARLKVMFNDELFVRYGRGIQPTARAFQLFGSVRQALQLVQNELPGSGFEPASSERVFHLCVCSPLDSILTSQIYNHIEQIAPNIHVMFKSSLNQNTEHQLRYQETEFVISYEDFHRPEFTSVPLFKDEMVLVASKNHPTIKGPLLKHDVYNEQHAAVSLDRFASFSQPWYDTVDKQASIAYQGMAMMSVLSVVSQTHLVAIAPRWLAEEFAESLELQVLPLPLKQNSRTCYLSWHEAAGRDKGHQWMEEQLVSICKR,HTH-type transcriptional regulator LeuO,314,PJALOIHP_00072,CPMPOPCK_00081
72,MEMLSGAEMVVRSLIDQGVKQVFGYPGGAVLDIYDALHTVGGIDHVLVRHEQAAVHMADGLARATGEVGVVLVTSGPGATNAITGIATAYMDSIPLVVLSGQVATSLIGYDAFQECDMVGISRPVVKHSFLVKQTEDIPQVLKKAFWLAASGRPGPVVVDLPKDILNPANKLPYVWPESVSMRSYNPTTTGHKGQIKRALQTLVAAKKPVVYVGGGAITAGCHQQLKETVEALNLPVVSSLMGLGAFPATHRQALGMLGMHGTYEANMTMHNADVIFAVGVRFDDRTTNNLAKYCPNATVLHIDIDPTSISKTVTADIPIVGDARQVLEQMLELLSQESAHQPLDEIRDWWQQIEQWRARQCLKYDTHSEKIKPQAVIETLWRLTKGDAYVTSDVGQHQMFAALYYPFDKPRRWINSGGLGTMGFGLPAALGVKMALPEETVVCVTGDGSIQMNIQELSTALQYELPVLVVNLNNRYLGMVKQWQDMIYSGRHSQSYMQSLPDFVRLAEAYGHVGIQISHPHELESKLSEALEQVRNNRLVFVDVTVDGSEHVYPMQIRGGGMDEMWLSKTERT,Acetolactate synthase isozyme 3 large subunit,574,PJALOIHP_00073,CPMPOPCK_00082
73,MRRILSVLLENESGALSRVIGLFSQRGYNIESLTVAPTDDPTLSRMTIQTVGDEKVLEQIEKQLHKLVDVLRVSELGQGAHVEREIMLVKIQASGYGRDEVKRNTEIFRGQIIDVTPSLYTVQLAGTSDKLDAFLASIRDVAKIVEVARSGVVGLSRGDKIMR,Acetolactate synthase isozyme 3 small subunit,163,PJALOIHP_00074,CPMPOPCK_00083
74,MKLDEIARLAGVSRTTASYVINGKAKQYRVSDKTVEKVMAVVREHNYHPNAVAAGLRAGRTRSIGLVIPDLENTSYTRIANYLERQARQRGYQLLIACSEDQPDNEMRCIEHLLQRQVDAIIVSTSLPPEHPFYQRWANDPFPIVALDRALDREHFTSVVGADQDDAEMLAEELRKFPAETVLYLGALPELSVSFLREQGFRTAWKDDPREVHFLYANSYEREAAAQLFEKWLETHPMPQALFTTSFALLQGVMDVTLRRDGKLPSDLAIATFGDNELLDFLQCPVLAVAQRHRDVAERVLEIVLASLDEPRKPKPGLTRIKRNLYRRGVLSRS,Catabolite repressor/activator,334,PJALOIHP_00075,CPMPOPCK_00084
75,MFRGATLVNLDSKGRLSVPTRYREQLLENAAGQMVCTIDIHHPCLLLYPLPEWEIIEQKLSRLSSMNPVERRVQRLLLGHASECQMDGAGRLLIAPVLRQHAGLTKEVMLVGQFNKFELWDETTWHQQVKEDIDAEQLATGDLSERLQDLSL,Transcriptional regulator MraZ,152,PJALOIHP_00076,CPMPOPCK_00085
76,MMENYKHTTVLLDEAVNGLNIRPDGIYIDGTFGRGGHSRLILSQLGEEGRLLAIDRDPQAIAVAKTIDDPRFSIIHGPFSALGEYVAERDLIGKIDGILLDLGVSSPQLDDAERGFSFMRDGPLDMRMDPTRGQSAAEWLQTAEEADIAWVLKTYGEERFAKRIARAIVERNREQPMTRTKELAEVVAAATPVKDKFKHPATRTFQAVRIWVNSELEEIEQALKSSLNVLAPGGRLSIISFHSLEDRIVKRFMRENSRGPQVPAGLPMTEEQLKKLGGRQLRALGKLMPGEEEVAENPRARSSVLRIAERTNA,Ribosomal RNA small subunit methyltransferase H,313,PJALOIHP_00077,CPMPOPCK_00086
77,MISRVTEALSKVKGSMGSHERHALPGVIGDDLLRFGKLPLCLFICIILTAVTVVTTAHHTRLLTAQREQLVLERDALDIEWRNLILEENALGDHSRVERIATEKLQMQHVDPSQENIVVQK,Cell division protein FtsL,121,PJALOIHP_00078,CPMPOPCK_00087
78,MKAAAKTQKPKRQEEHANFISWRFALLCGCILLALAFLLGRVAWLQVISPDMLVKEGDMRSLRVQQVSTSRGMITDRSGRPLAVSVPVKAIWADPKEVHDAGGISVGDRWKALANALNIPLDQLSARINANPKGRFIYLARQVNPDMADYIKKLKLPGIHLREESRRYYPSGEVTAHLIGFTNVDSQGIEGVEKSFDKWLTGQPGERIVRKDRYGRVIEDISSTDSQAAHNLALSIDERLQALVYRELNNAVAFNKAESGSAVLVDVNTGEVLAMANSPSYNPNNLSGTPKEAMRNRTITDVFEPGSTVKPMVVMTALQRGVVRENSVLNTIPYRINGHEIKDVARYSELTLTGVLQKSSNVGVSKLALAMPSSALVDTYSRFGLGKATNLGLVGERSGLYPQKQRWSDIERATFSFGYGLMVTPLQLARVYATIGSYGIYRPLSITKVDPPVPGERVFPESIVRTVVHMMESVALPGGGGVKAAIKGYRIAIKTGTAKKVGPDGRYINKYIAYTAGVAPASQPRFALVVVINDPQAGKYYGGAVSAPVFGAIMGGVLRTMNIEPDALTTGDKNEFVINQGEGTGGRS,"Peptidoglycan D,D-transpeptidase FtsI",588,PJALOIHP_00079,CPMPOPCK_00088
79,MADRNLRDLLAPWVPDAPSRALREMTLDSRVAAAGDLFVAVVGHQADGRRYIPQAIAQGVAAIIAEAKGEATDGEIREMHGVPVIYLSQLNERLSALAGRFYHEPSDNLRLVGVTGTNGKTTTTQLLAQWSQLLGETSAVMGTVGNGLLGKVIPTENTTGSAVDVQHELAGLVDQGATFCAMEVSSHGLVQHRVAALKFAASVFTNLSRDHLDYHGDMEHYEAAKWLLYSEHHCGQAIVNADDEVGRRWLAKLPDAVAVSMEDHINPNCHGRWLKATEVNYHDSGATIRFSSSWGDGEIESHLMGAFNVSNLLLALATLLALGYPLADLLKTAARLQPVCGRMEVFTAPGKPTVVVDYAHTPDALEKALQAARLHCAGKLWCVFGCGGDRDKGKRPLMGAIAEEFADVAVVTDDNPRTEEPRAIINDILAGMLDAGHAKVMEGRAEAVTCAVMQAKENDVVLVAGKGHEDYQIVGNQRLDYSDRVTVARLLGVIA,"UDP-N-acetylmuramoyl-L-alanyl-D-glutamate--2,6-diaminopimelate ligase",495,PJALOIHP_00080,CPMPOPCK_00089
80,MISVTLSQLTDILNGELQGADITLDAVTTDTRKLTPGCLFVALKGERFDAHDFADQAKAGGAGALLVSRPLDIDLPQLIVKDTRLAFGELAAWVRQQVPARVVALTGSSGKTSVKEMTAAILSQCGNTLYTAGNLNNDIGVPMTLLRLTPEYDYAVIELGANHQGEIAWTVSLTRPEAALVNNLAAAHLEGFGSLAGVAKAKGEIFSGLPENGIAIMNADNNDWLNWQSVIGSRKVWRFSPNAANSDFTATNIHVTSHGTEFTLQTPTGSVDVLLPLPGRHNIANALAAAALSMSVGATLDAIKAGLANLKAVPGRLFPIQLAENQLLLDDSYNANVGSMTAAVQVLAEMPGYRVLVVGDMAELGAESEACHVQVGEAAKAAGIDRVLSVGKQSHAISTASGVGEHFADKTALITRLKSLIAEQQVITILVKGSRSAAMEEVVRALQENGTC,UDP-N-acetylmuramoyl-tripeptide--D-alanyl-D-alanine ligase,452,PJALOIHP_00081,CPMPOPCK_00090
81,MLVWLAEHLVKYYSGFNVFSYLTFRAIVSLLTALFISLWMGPRMIAHLQKLSFGQVVRNDGPESHFSKRGTPTMGGIMILTAIVISVLLWAYPSNPYVWCVLVVLVGYGVIGFVDDYRKVVRKDTKGLIARWKYFWMSVIALGVAFALYLAGKDTPATQLVVPFFKDVMPQLGLFYILLAYFVIVGTGNAVNLTDGLDGLAIMPTVFVAGGFALVAWATGNMNFASYLHIPYLRHAGELVIVCTAIVGAGLGFLWFNTYPAQVFMGDVGSLALGGALGIIAVLLRQEFLLVIMGGVFVVETLSVILQVGSFKLRGQRIFRMAPIHHHYELKGWPEPRVIVRFWIISLMLVLIGLATLKVR,Phospho-N-acetylmuramoyl-pentapeptide-transferase,360,PJALOIHP_00082,CPMPOPCK_00091
82,MADYQGKNVVIIGLGLTGLSCVDFFLARGVTPRVMDTRMTPPGLDKLPEAVERHTGSLNDEWLMAADLIVASPGIALAHPSLSAAADAGIEIVGDIELFCREAQAPIVAITGSNGKSTVTTLVGEMAKAAGVNVGVGGNIGLPALMLLDAECELYVLELSSFQLETTSSLQAVAATILNVTEDHMDRYPFGLQQYRAAKLRIYENAKVCVVNADDALTMPIRGADERCVSFGVNMGDYHLNHQQGETWLRVKGEKVLNVKEMKLSGQHNYTNALAALALADAAGLPRASSLKALTTFTGLPHRFEVVLEHNGVRWINDSKATNVGSTEAALNGLQVDGTLHLLLGGDGKSADFSPLARYLNGDNVRLYCFGRDGAQLAALRPEVAEQTETMEQAMRLLAPRVQPGDMVLLSPACASLDQFKNFEQRGNEFARLAKELG,UDP-N-acetylmuramoylalanine--D-glutamate ligase,438,PJALOIHP_00083,CPMPOPCK_00092
83,MRLSLPRLKMPRLPGFSILVWISTALKGWVMGSREKDTDSLIMYDRTLLWLTFGLAAIGFIMVTSASMPIGQRLTNDPFFFAKRDGVYLILAFILAIITLRLPMEFWQRYSATMLLGSIILLMIVLVVGSSVKGASRWIDLGLLRIQPAELTKLSLFCYIANYLVRKGDEVRNNLRGFLKPMGVILVLAVLLLAQPDLGTVVVLFVTTLAMLFLAGAKLWQFIAIIGMGISAVVLLILAEPYRIRRVTAFWNPWEDPFGSGYQLTQSLMAFGRGELWGQGLGNSVQKLEYLPEAHTDFIFAIIGEELGYVGVVLALLMVFFVAFRAMSIGRKALEIDHRFSGFLACSIGIWFSFQALVNVGAAAGMLPTKGLTLPLISYGGSSLLIMSTAIMMLLRIDYETRLEKAQAFVRGSR,putative peptidoglycan glycosyltransferase FtsW,414,PJALOIHP_00084,CPMPOPCK_00093
84,MSGQGKRLMVMAGGTGGHVFPGLAVAHHLMAQGWQVRWLGTADRMEADLVPKHGIEIDFIRISGLRGKGIKALIAAPLRIFNAWRQARAIMKAYKPDVVLGMGGYVSGPGGLAAWSLGIPVVLHEQNGIAGLTNKWLAKIATKVMQAFPGAFPNAEVVGNPVRTDVLALPLPQQRLAGREGPVRVLVVGGSQGARILNQTMPQVAAKLGDSVTIWHQSGKGSQQSVEQAYAEAGQPQHKVTEFIDDMAAAYAWADVVVCRSGALTVSEIAAAGLPALFVPFQHKDRQQYWNALPLEKAGAAKIIEQPQLSVDAVANTLAGWSRETLLTMAERARAASIPDATERVANEVSRAARA,UDP-N-acetylglucosamine--N-acetylmuramyl-(pentapeptide) pyrophosphoryl-undecaprenol N-acetylglucosamine transferase,355,PJALOIHP_00085,CPMPOPCK_00094
85,MNTQQLAKLRSIVPEMRRVRHIHFVGIGGAGMGGIAEVLANEGYQISGSDLAPNPVTQQLMNLGATIYFNHRPENVRDASVVVVSSAISADNPEIVAAHEARIPVIRRAEMLAELMRFRHGIAIAGTHGKTTTTAMVSSIYAEAGLDPTFVNGGLVKAAGVHARLGHGRYLIAEADESDASFLHLQPMVAIVTNIEADHMDTYQGDFENLKQTFINFLHNLPFYGRAVMCVDDPVIRELLPRVGRQTTTYGFNEDADVRVEDYQQIGPQGHFTLLRQDKEPMRVTLNAPGRHNALNAAAAVAVATEEGIDDEAILRALESFQGTGRRFDFLGEFPLEPVNGKSGTAMLVDDYGHHPTEVDATIKAARAGWPDKNLVMLFQPHRFTRTRDLYDDFANVLTQVDTLLMLEVYPAGEAPIPGADSRSLCRTIRGRGKIDPILVPDPAQVAEMLAPVLTGNDLILVQGAGNIGKIARSLAEIKLKPQTPEEEQHD,UDP-N-acetylmuramate--L-alanine ligase,491,PJALOIHP_00086,CPMPOPCK_00095
86,MTDKIAVLLGGTSAEREVSLNSGAAVLAGLREGGIDAYPVDPKEVDVTQLKSMGFQKVFIALHGRGGEDGTLQGMLELMGLPYTGSGVMASALSMDKLRSKLLWQGAGLPVAPWVALTRAEFEKGLSDKQLAEISALGLPVIVKPSREGSSVGMSKVVAENALQDALRLAFQHDEEVLIEKWLSGPEFTVAILGEEILPSIRIQPSGTFYDYEAKYLSDETQYFCPAGLEASQEANLQALVLKAWTTLGCKGWGRIDVMLDSDGQFYLLEANTSPGMTSHSLVPMAARQAGMSFSQLVVRILELAD,D-alanine--D-alanine ligase B,306,PJALOIHP_00087,CPMPOPCK_00096
87,MSQAALNTRNSEEEVSSRRNNGTRLAGILFLLTVLTTVLVSGWVVLGWMEDAQRLPLSKLVLTGERHYTRNDDIRQSILALGEPGTFMTQDVNIIQTQIEQRLPWIKQVSVRKQWPDELKIHLVEYVPIARWNDQHMVDAEGNTFSVPPDRTSKQVLPMLYGPEGSANEVLQGYREMGQMLAKDRFTLKEAAMTARRSWQLTLNNDIKLNLGRGDTMKRLARFVELYPVLQQQAQTDGKRISYVDLRYDSGAAVGWAPLPPEESTQQQNQAQAEQQ,Cell division protein FtsQ,276,PJALOIHP_00088,CPMPOPCK_00097
88,MIKATDRKLVVGLEIGTAKVAALVGEVLPDGMVNIIGVGSCPSRGMDKGGVNDLESVVKCVQRAIDQAELMADCQISSVYLALSGKHISCQNEIGMVPISEEEVTQEDVENVVHTAKSVRVRDEHRVLHVIPQEYAIDYQEGIKNPVGLSGVRMQAKVHLITCHNDMAKNIVKAVERCGLKVDQLIFAGLASSYSVLTEDERELGVCVVDIGGGTMDIAVYTGGALRHTKVIPYAGNVVTSDIAYAFGTPPSDAEAIKVRHGCALGSIVGKDESVEVPSVGGRPPRSLQRQTLAEVIEPRYTELLNLVNEEILQLQEKLRQQGVKHHLAAGIVLTGGAAQIEGLAACAQRVFHTQVRIGAPLNITGLTDYAQEPYYSTAVGLLHYGKESHLNGEAEVEKRVTASVGSWIKRLNSWLRKEF,Cell division protein FtsA,420,PJALOIHP_00089,CPMPOPCK_00098
89,MFEPMELTNDAVIKVIGVGGGGGNAVEHMVRERIEGVEFFAVNTDAQALRKTAVGQTIQIGSGITKGLGAGANPEVGRNAADEDRDALRAALEGADMVFIAAGMGGGTGTGAAPVVAEVAKDLGILTVAVVTKPFNFEGKKRMAFAEQGITELSKHVDSLITIPNDKLLKVLGRGISLLDAFGAANDVLKGAVQGIAELITRPGLMNVDFADVRTVMSEMGYAMMGSGVASGEDRAEEAAEMAISSPLLEDIDLSGARGVLVNITAGFDLRLDEFETVGNTIRAFASDNATVVIGTSLDPDMNDELRVTVVATGIGMDKRPEITLVTNKQVQQPVMDRYQQHGMAPLTQEQKPVAKVVNDNAPQTAKEPDYLDIPAFLRKQAD,Cell division protein FtsZ,383,PJALOIHP_00090,CPMPOPCK_00099
90,MIKQRTLKRIVQATGVGLHTGKKVTLTLRPAPANTGVIYRRTDLNPPVDFPADAKSVRDTMLCTCLVNEHDVRISTVEHLNAALAGLGIDNIVIEVNAPEIPIMDGSAAPFVYLLLDAGIDELNCAKKFVRIKETVRVEDGDKWAEFKPYNGFSLDFTIDFNHPAIDSSNQRYAMNFSADAFMRQISRARTFGFMRDIEYLQSRGLCLGGSFDCAIVVDDYRVLNEDGLRFEDEFVRHKMLDAIGDLFMCGHNIIGAFTAYKSGHALNNKLLQAVLAKQEAWEYVTFQDDAELPLAFKAPSAVLA,UDP-3-O-acyl-N-acetylglucosamine deacetylase,305,PJALOIHP_00091,CPMPOPCK_00100
91,MLWTAGFNDKICALNTFEYDRDGNNVSGILTRWRQFGKRYFWPHLLLGMVAASLGLPALSNAAEPNAPAKATTRNHEPSAKVNFGQLALLEANTRRPNSNYSVDYWHQHAIRTVIRHLSFAMAPQTLPVAEESLPLQAQHLALLDTLSALLTQEGTPSEKGYRIDYAHFTPQAKFSTPVWISQAQGIRAGPQRLT,Secretion monitor,195,PJALOIHP_00092,CPMPOPCK_00101
92,MLIKLLTKVFGSRNDRTLRRMRKVVNIINAMEPEMEKLSDEELKGKTAEFRARLEKGEVLENLIPEAFAVVREASKRVFGMRHFDVQLLGGMVLNERCIAEMRTGEGKTLTATLPAYLNALTGKGVHVVTVNDYLAQRDAENNRPLFEFLGLTVGINLPGMPAPAKREAYAADITYGTNNEYGFDYLRDNMAFSPEERVQRKLHYALVDEVDSILIDEARTPLIISGPAEDSSEMYKRVNKIIPHLIRQEKEDSETFQGEGHFSVDEKSRQVNLTERGLVLIEELLVKEGIMDEGESLYSPANIMLMHHVTAALRAHALFTRDVDYIVKDGEVIIVDEHTGRTMQGRRWSDGLHQAVEAKEGVQIQNENQTLASITFQNYFRLYEKLAGMTGTADTEAFEFSSIYKLDTVVVPTNRPMIRKDLPDLVYMTEAEKIQAIIEDIKERTAKGQPVLVGTISIEKSELVSNELTKAGIKHNVLNAKFHANEAAIVAQAGYPAAVTIATNMAGRGTDIVLGGSWQAEVAALENPTAEQIEKIKADWQVRHDAVLEAGGLHIIGTERHESRRIDNQLRGRSGRQGDAGSSRFYLSMEDALMRIFASDRVSGMMRKLGMKPGEAIEHPWVTKAIANAQRKVESRNFDIRKQLLEYDDVANDQRRAIYSQRNELLDVSDVSETINSIREDVFKATIDAYIPPQSLEEMWDIPGLQERLKNDFDLDLPIAEWLDKEPELHEETLRERILAQSIEVYQRKEEVVGAEMMRHFEKGVMLQTLDSLWKEHLAAMDYLRQGIHLRGYAQKDPKQEYKRESFSMFAAMLESLKYEVISTLSKVQVRMPEEVEELEQQRRMEAERLAQMQQLSHQDDDSAAAAALAAQTGERKVGRNDPCPCGSGKKYKQCHGRLQ,Protein translocase subunit SecA,901,PJALOIHP_00093,
93,MKKLQIAVGIIRNENNEIFITRRAADAHMANKLEFPGGKIEMGETPEQAVVRELQEEVGITPQHFSLFEKLEYEFPDRHITLWFWLVESWEGEPWGKEGQPGEWMSLVGLNADDFPPANEPVIAKLKRL,8-oxo-dGTP diphosphatase,129,PJALOIHP_00094,
94,MSETITVNCPTCGKTVVWGEISPFRPFCSKRCQLIDLGEWAAEEKRIPSSGDLSESDDWSEEPKQ,DNA gyrase inhibitor YacG,65,PJALOIHP_00095,
95,MQTQVLFEHPLNEKMRTWLRIEFLIQQLTVNLPIVDHAGALHFFRNVSELLDVFERGEVRTELLKELDRQQRKLQTWIGVPGVDQSRIEALIQQLKAAGSVLISAPRIGQFLREDRLIALVRQRLSIPGGCCSFDLPTLHIWLHLPQAQRDSQVETWIASLNPLTQALTMVLDLIRQSAPFRKQTSLNGFYQDNGGDADLLRLNLSLDSQLYPQISGHKSRFAIRFMPLDTENGQVPERLDFELACC,Cell division protein ZapD,247,PJALOIHP_00096,
96,MRYIVALTGGIGSGKSTVANAFADLGINVIDADIIARQVVEPGAPALHAIADHFGANMIAADGTLQRRALRERIFANPEEKNWLNDLLHPLIQQETQHQIQQATSPYVLWVVPLLVENSLYKKANRVLVVDVSPETQLKRTMQRDDVTREHVEQILAAQATREARLAVADDVIDNNGAPDAIASDVARLHAHYLQLASQFVSQEKP,Dephospho-CoA kinase,206,PJALOIHP_00097,
97,MRIEEDLKLGFKDVLIRPKRSTLKSRSDVELERQFTFKHSGQSWSGVPIIAANMDTVGTFSMASALASFDILTAVHKHYSVEEWQAFINNSSADVLKHVMVSTGTSDADFEKTKQILDLNPALNFVCIDVANGYSEHFVQFVAKAREAWPTKTICAGNVVTGEMCEELILSGADIVKVGIGPGSVCTTRVKTGVGYPQLSAVIECADAAHGLGGMIVSDGGCTTPGDVAKAFGGGADFVMLGGMLAGHEESGGRIVEENGEKFMLFYGMSSESAMKRHVGGVAEYRAAEGKTVKLPLRGPVENTARDILGGLRSACTYVGASRLKELTKRTTFIRVQEQENRIFNNL,GMP reductase,347,PJALOIHP_00098,
98,MASKQLWRWHGITGDGNAQDGMLWAESRALLLMALQQQMVTPLSLKRIAINSAQWRGDKSAEVIHQLATLLKAGLTLSEGLALLAEQHPSKQWQALLQSLAHDLEQGIAFSNALLPWSEVFPPLYQAMIRTGELTGKLDECCFELARQQKAQRQLTDKVKSALRYPIIILAMAIMVVVAMLHFVLPEFAAIYKTFNTPLPALTQGIMTLADFSGEWSWLLVLFGFLLAIANKLLMRRPTWLIVRQKLLLRIPIMGSLMRGQKLTQIFTILALTQSAGITFLQGVESVRETMRCPYWVQLLTQIQHDISNGHPIWLALKNTGEFSPLCLQLVRTGEASGSLDLMLDNLAHHHRDNTMALADNLAALLEPALLIITGGIIGTLVVAMYLPIFHLGDAMSGMG,Type II secretion system protein F,400,PJALOIHP_00099,
99,MNIPQLTALCLRYHGVLLDASEEVVHVAVVDAPSHELLDALHFATTKRIEITCWTRQQMEGHASRTQQTLPVAVQEKHQPKAELLTRTLQSALEQRASDIHIEPADNAYRIRLRIDGVLHPLPDVSPDAGVALTARLKVLGNLDIAEHRLPQDGQFTVELAGNAVSFRIATLPCRGGEKVVLRLLQQVSQALDVNTLGMQPLQLADFAHALQQPQGLVLVTGPTGSGKTVTLYSALQKLNTADINICSVEDPVEIPIAGLNQTQIHPRAGLTFQGVLRALLRQDPDVIMIGEIRDGETAEIAIKAAQTGHLVLSTLHTNSTCETLVRLQQMGVARWMLSSALTLVIAQRLVRKLCPHCRQQQGEPIHIPVNVWPSPLPHWQAPGCVHCYHGFYGRTALFEVLPITPVIRQLISANTDVESLETHARQAGMCTLFENGCLAVEQGLTTFEELIRVLGMPHGE,Type II secretion system protein E,461,PJALOIHP_00100,
100,MDKQRGFTLIELMVVIGIIAILSAIGIPAYQNYLRKAALTDMLQTFVPYRTAVELCALEHGGLDTCDGGSNGIPSPTTTRYVSAMSVAKGVVSLTGQESLNGLSVVMTPGWDNANGVTGWTRNCNIQSDSALQQACEDVFRFDDAN,hypothetical protein,146,PJALOIHP_00101,
101,MGNEKSLAHTRWNCKYHIVFAPKYRRQVFYREKRRAIGCILRKLCEWKSVRILEAECCADHIHMLVEIPPKMSVSGFMGYLKGKSSLMPYEQFGDLKFKYRNREFWCRGYYVDTVGKNTAKIQDYIKHQLEEDKMGEQLSIPYPGSPFTGRK,IS200/IS605 family transposase IS200C,152,,CPMPOPCK_00076
102,MKKMQSIVLALSLVLVAPMAAQAAEITLVPSVKLQIGDRDNRGYYWDGGHWRDHGWWKQHYEWRGNRWHPYGPPPSPRHNKHNDHRGDHRPGPDKHHR,hypothetical protein,98,,CPMPOPCK_00005
103,MKSVITISASLAISLMLCCTAQANDHKILGVIAMPRNETNDLALKLPVCRIVKRIQLSADHGDLQLSGASIYFKATRSASQTLNIPSEIKEEQTTDWININSDNDNKRCVSKITFSGHTVNSSDMATLKIIGDD,hypothetical protein,134,,CPMPOPCK_00012
104,MKQHKAMIVALIVICITAVVAALVTRKDLCEVHIRTGQTEVAVFTAYESE,Toxic protein HokC,50,,CPMPOPCK_00015
105,MCSAYRGPRVDGKISLGAFLYLPFSQCLRQTASSTRRYYTALLIHFCFINSFSEDASHFCGIIFQYINLFNLNISRDSQKKVFSSIKSEWLKEINY,hypothetical protein,96,,CPMPOPCK_00016
106,MSAKRRLLIACTLITAIYHFPAYSSLEYKGTFGSINAGYADWNSGFVNTHRGEVWKVTADFGVNFKEAEFYSFYESNVLNHAVAGRNHTVSAMTHVRLFDSDMTFFGKIYGQWDNSWGDDLDMFYGFGYLGWNGEWGFFKPYIGLHNQSGDYVSAKYGQTNGWNGYVVGWTAVLPFTLFDEKFVLSNWNEIELDRNDAYTEQQFGRNGLNGGLTIAWKFYPRWKASVTWRYFDNKLGYDGFGDQMIYMLGYDF,hypothetical protein,253,,CPMPOPCK_00017
107,MQKTLMASLIGLAVCTGNAFSPALAAEAKQPNLVIIMADDLGYGDLATYGHQIVKTPNIDRLAQEGVKFTDYYAPAPLSSPSRAGLLTGRMPFRTGIRSWIPSGKDVALGRNELTIANLLKAQGYDTAMMGKLHLNAGGDRTDQPQAQDMGFDYSLANTAGFVTDATLDNAKERPRYGMVYPTGWLRNGQPTPRADKMSGEYVSSEVVNWLDNKKDSKPFFLYVAFTEVHSPLASPKKYLDMYSQYMSAYQKQHPDLFYGDWADKPWRGVGEYYANISYLDAQVGKVLDKIKAMGEEDNTIVIFTSDNGPVTREARKVYELNLAGETDGLRGRKDNLWEGGIRVPAIIKYGKHLPQGMVSDTPVYGLDWMPTLAKMMNFKLPTDRTFDGESLVPVLEQKALKREKPLIFGIDMPFQDDPTDEWAIRDGDWKMIIDRNNKPKYLYNLKSDRYETLNLIGKKPDIEKQMYGKFLKYKTDIDNDSLMKARGDKPEAVTWG,N-acetylgalactosamine-6-O-sulfatase,497,,CPMPOPCK_00018
108,MFTNVNVDCCKTPGCKNLGLLNSQDYVAQGKNILCRECGYLFPVISEQSLNIYRNIVNHSWRGLICQCSTCGGTSLKKYGYSAQGQRRMYCHHCEKTFITLEHVITTPRGAQLALMIEQGEALADIRKSLLLNSTGLSRELLKLAREANYKESRQCFPASDITLSTRAFRVKYNGSNNSLYALVTAEEQSGRVVAISTNYSPSAVEQHYQYTSNYEERMSPGTLAHHVQRKELLTMRRDTLFDIDYGPAVLHQNDPGMLVKPVLPAYRHFELVRILTDEHSNNVQHYLDHECFILGGCLMANLQHIHQGRCHISFVKERGVAPATIDFPPRLFLSGGVRNNVWRAFSNRNYSMAVCNLTGSKKVREMRHATLNSATRFIHFVENHPFLISLNRMSPANVVSTLDILKHLWNKKLEHGTI,hypothetical protein,419,,CPMPOPCK_00019
109,MSHINYNHLYYFWHVYKEGSVVGAAEALYLTPQTITGQIRALEERLQGKLFKRKGRGLEPSELGELVYRYADKMFTLSQEMLDIVNYRKESNLLFDVGVADALSKRLVSSVLDAAVVEDEQIHLRCFESTHEMLLEQLSQHKLDMIISDCPIDSTQQEGLFSMKIGECGVSFWCTNPLPEKPFPACLEERRLLIPGRRSMLGRKLLNWFNSQGLNVEILGEFDDAALMKAFGATHNAIFVAPSLYANDFYNDDSVVEIGRVENVMEEYHAIFAERMIQHPAVQRICNTDYSALFTPASK,Transcriptional activator protein NhaR,299,,CPMPOPCK_00021
110,MRLPIFLDTDPGIDDAVAIAAAIFAPELDLQLMTTVAGNVSVEKTTRNALQLLHFWNAEIPLA,Non-specific ribonucleoside hydrolase RihC,63,,CPMPOPCK_00028
111,MPLVRAPRDAASVHGESGMAGYDFVEHNRQPLGIPAFLAIRDALMRAPEPVTLVAIGPLTNIALLLSQCPECKPYIRRLVIMGGSAGRGNCTPNAEFNIAADPEAAACVFRSGIEIVMCGLDVTNQAILTPDYLATLPELNRTGKMLHALFSHYRSGSMQSGLRMHDLCAIAWLVRPELFTLKPCFVAVETQGEFTSGTTVVDIDGCLGKPANVQVALDLDVKGFQQWVAEVLALAL,Non-specific ribonucleoside hydrolase RihC,237,,CPMPOPCK_00029
112,MTYGEAYLEGWKNIFNYEGVSNRFEFWSFMIGSGVICLLPLLCWWLAVTINNDYGVFIFFALPVSFILTLIFAVPAIALAVRRMHDIGYSGWWVTIAVLIPVTGVILLILCCLPSKSQDQA,hypothetical protein,121,,CPMPOPCK_00030
113,MNTFSQVWVFSDTPSRLPELMNGAQALANQINTFVLNDADGAQAIQLGANHVWKLSGKPDDRMIEDYADVMADTIRQHGADGLVLLPNTRRGKLLAAKLGYRLNAAVSNDASAVSVQDGKATVKHMVYGGLAIGEERLPRRMRY,Protein FixB,144,,CPMPOPCK_00042
114,MAITRTATQARQSNSVDLDKARLVVSVGRGIGSKENIALAEQLCKAIGAELACSRPVAENEKWMEHERYVGISNLMLKPELYLAVGISGQIQHMVGANASQTIFAINKDKNAPIFQFADYGIVGDAVKILPALTAALAR,Protein FixB,139,,CPMPOPCK_00043
115,MTAKRTTQSVTVTVDRELVNRARDAGLNMSATLTVALNAELKKHAATRWREENAEAIAALNQLADETGCFSDEYRSF,hypothetical protein,77,,CPMPOPCK_00050
116,MQFTVYRSRGRNAAFPFVIDVTSDIIGEINRRIVIPLTPIERFSRIRPPERLNPILLLVDGKEYVLMTHETATVPVNALGTKFCDASAHRTLIKGALDFMLDGI,Toxin CcdB,104,,CPMPOPCK_00051
117,MVKTQRVVITPGEPAGIGPDLIVQLAQREWPVELVVCADATLLTDRAAMLGLPLTLRPYSPNSPAQPQTAGTLTLLPVALRESVTVGQLAVENGHYVVETLARACDGCLNGEFAALITGPVHKGVINDAGIPFTGHTEFFEERSQAKKVVMMLATEELRVALATTHLPLRDIADAITPALLHEVIAILHHDLRTKFGIAEPRILVCGLNPHAGEGGHMGTEEIDTIIPVLNELREQGMKLNGPLPADTLFQPKYLDNADAVLAMYHDQGLPVLKYQGFGRGVNITLGLPFIRTSVDHGTALELAGRGKADVGSFITALNLAIKMIVNTQ,4-hydroxythreonine-4-phosphate dehydrogenase,329,,CPMPOPCK_00055
118,MGKSAFILWEIALISVCRFGEYMQYWGKIIGVAVALIMGGGFWGVVLGLLIGHMFDKARSRKMAWFANQRERQALFFATTFEVMGHLTKSKGRVTEADIHIASQLMDRMNLHGASRTAAQNAFRVGKSDNYPLREKMRQFRSVCFGRFDLIRMFLEIQIQAAFADGSLHPNERAVLYVIAEELGISRAQFDQFLRMMQGGAQFGGGYQQQSGGGNWQQAQRGPTLEDACNVLGVKPTDDATTIKRAYRKLMSEHHPDKLVAKGLPPEMMEMAKQKAQEIQQAYELIKQQKGFK,Co-chaperone protein DjlA,293,,CPMPOPCK_00058
119,MLEDLKRQVLEANLALPKHNLVTLTWGNVSAVDRGRGVLVIKPSGVDYSIMTADDMVVVSIETGEVVEGTKKPSSDTPTHRLLYQAFPSIGGIVHTHSRHATIWAQAGQSIPAAGTTHADYFYGTIPCTRKMTDAEINGEYEWETGNVIVETFEKQGINAAQMPGVLVHSHGPFAWGKNAEDAVHNAIVLEEVAYMGIFCRQLAPQLPDMQQTLLDKHYLRKHGAKAYYGQ,L-ribulose-5-phosphate 4-epimerase AraD,231,,CPMPOPCK_00063
120,MSKRNDITDGIFATTKKYGLVYTEELGWIDLGHAQGQDARILKRKLEQEHFSTYYDEFHDWYFPVDYHQEMGIRKKY,hypothetical protein,77,,CPMPOPCK_00067
121,MVRSCLSPTLKARVALTLMYGTAKRFEAWQNSFIFNWYTDSGFSAEDLVSDLIGFYRVFGTGPDPLLLAKPLSYTKALQIWDTYGAPGNFKNTEFTPFLFTTHPPFKKNQLIKKKLPEWLNYIKPLDESFSTLLYNQYNNRPVTNYYKDKNRINHELYSSLSSSGAIKFSESPFERPLFLFLNPHYPHRS,hypothetical protein,190,,CPMPOPCK_00068
122,MSKYIYILLSFLVLFFIFFYAYISLMSKEHHYTQHELSPFFLYTPESLRNLPNISNVAEYSYYYNVDDMQTRVIVTWRNIDNIFLQKAKLIDFLKRMGPSLQNDCIWFFHDKSDYANNFQRYCVIEHRDSLQVEYFETIE,hypothetical protein,140,,CPMPOPCK_00069
123,MLKLTDITWLYQHLPMRFSLTVERGEQVAILGPSGAGKSTLLNLIAGFLTPASGLLTIDDVDHTTTPPSRRPVSMLFQENNLFSHLTVAQNIGLGLNPGLKLNAAQQKKMHAIAHQMGIDNLMARLPGELSGGQRQRVALARCLVREQPILLLDEPFSALDPALRQEMLTLVSTSCQQQKMTLLMVSHSVEDAARIATRSVVVADGRIAWQGKTDELLSGKASASALLGIKG,Thiamine import ATP-binding protein ThiQ,232,,CPMPOPCK_00071
124,MRQFYQHYFTATAKLCWLRWLSVPQRLTMLEELMQWEGSHSDY,Putative inhibitor of glucose uptake transporter SgrT,43,,CPMPOPCK_00075
